Metric,Score
Overlap,0.18199999999999997
LCS,0.16
TF-IDF,0.1345515504584125
