Metric,Score
Overlap,0.2770000000000001
LCS,0.24000000000000007
TF-IDF,0.20948944334088662
